{"current":{"color_text":"#3d4246","color_body_text":"#69727b","color_sale_text":"#557b97","color_button":"#557b97","color_button_text":"#fff","color_small_button_text_border":"#3d4246","color_text_field_text":"#000","color_text_field_border":"#949494","color_text_field":"#fff","color_image_overlay_text":"#fff","color_image_overlay":"#3d4246","image_overlay_opacity":40,"color_borders":"#e8e9eb","color_body_bg":"#fff","type_header_font":"montserrat_n4","type_header_base_size":26,"type_base_font":"montserrat_n4","type_base_size":16,"type_bold_product_titles":false,"share_image":"","share_facebook":true,"share_twitter":true,"share_pinterest":true,"social_twitter_link":"https:\/\/twitter.com\/postdelay\/","social_facebook_link":"https:\/\/www.facebook.com\/Post-Delay-162689550982920\/","social_pinterest_link":"","social_instagram_link":"https:\/\/www.instagram.com\/postdelay\/","social_tumblr_link":"https:\/\/postdelay.tumblr.com\/","social_snapchat_link":"","social_youtube_link":"https:\/\/www.youtube.com\/channel\/UCz1nav78VStU6kgJifUb1tw","social_vimeo_link":"","favicon":"shopify:\/\/shop_images\/email_logo.jpg_2700x733_-_Google_Chrome_2019-11-06_20.53.48.png","enable_ajax":true,"checkout_header_image":"","checkout_logo_image":"shopify:\/\/shop_images\/email_logo.jpg","checkout_logo_position":"left","checkout_logo_size":"medium","checkout_body_background_image":"","checkout_body_background_color":"#fff","checkout_input_background_color_mode":"white","checkout_sidebar_background_image":"","checkout_sidebar_background_color":"#fafafa","checkout_heading_font":"-apple-system, BlinkMacSystemFont, 'Segoe UI', Roboto, Helvetica, Arial, sans-serif, 'Apple Color Emoji', 'Segoe UI Emoji', 'Segoe UI Symbol'","checkout_body_font":"-apple-system, BlinkMacSystemFont, 'Segoe UI', Roboto, Helvetica, Arial, sans-serif, 'Apple Color Emoji', 'Segoe UI Emoji', 'Segoe UI Symbol'","checkout_accent_color":"#197bbd","checkout_button_color":"#197bbd","checkout_error_color":"#e32c2b","sections":{"header":{"type":"header","settings":{"align_logo":"left","logo":"shopify:\/\/shop_images\/email_logo.jpg","logo_max_width":150,"main_linklist":"main-menu","message":false,"home_page_only":true,"message_text":"Announce something here","message_link":"","color_bg":"#7fa2b6","color_text":"#fff"}},"footer":{"type":"footer","blocks":{"1568385089112":{"type":"link_list","settings":{"title":"","menu":"footer","footer_menu":""}},"1572943970524":{"type":"link_list","settings":{"title":"Quick links","menu":"why-postdelay","footer_menu":""}},"1593182872372":{"type":"link_list","settings":{"title":"Quick links","menu":"help","footer_menu":""}},"1593182883691":{"type":"link_list","settings":{"title":"Quick links","menu":"contact","footer_menu":""}}},"block_order":["1568385089112","1572943970524","1593182872372","1593182883691"],"settings":{"show_payment_icons":false,"color_footer_bg":"#000000","color_footer_text":"#ffffff"}},"cart-template":{"type":"cart-template","settings":{"cart_ajax_enable":false,"cart_notes_enable":false}},"FAQ-Template":{"type":"FAQ-Template","blocks":{"1568725664119":{"type":"FAQ","settings":{"Question":"Q. \tI accidentally deleted my account. Can it be restored?","Answer":"<p>Yes. <a href=\"\/pages\/contact-us\" title=\"Contact Us\">Contact Us<\/a> to have your account restored.<\/p>"}},"1568725805718":{"type":"FAQ","settings":{"Question":"Q. \tI’ve forgotten my password. How can I recover it?","Answer":"<p><a href=\"\/account\/login#recover\" title=\"\/account\/login#recover\">Click here<\/a> to recover your login details.<\/p>"}},"1568726175908":{"type":"FAQ","settings":{"Question":"Q. \tHow can I track the status of an order?","Answer":"<p><a href=\"\/pages\/login-page\" title=\"Login page\">Login<\/a> to your account&nbsp;click 'Manage Mailings'. The status of each order is displayed. Orders that require your attention are displayed in red.<\/p>"}},"1569225757793":{"type":"FAQ","settings":{"Question":"Q. \tWhat is your cancellation policy?","Answer":"<p>If you cancel your order before sending it to PostDelay, your order will be cancelled and fully refunded.<\/p>\n<p><\/p>\n<p>If you cancel your order after sending it to PostDelay but before PostDelay receives the item, you order will be cancelled and&nbsp; fully refunded but your item cannot be returned and will be disposed. Your refund is automatically and we do not have the opportunity to collect a shipping fee that would allow us to return the item to you.<\/p>\n<p><\/p>\n<p>If you cancel your order after PostDelay receives the item but before 7 days before the ship-out date, your order will be cancelled and you can chose to have the item shipped back to you, or you can chose to dispose of the item. If you chose to have the item shipped back to you, the only the original shipping costs will be refunded, and the shipping cost to return the item to you will be payable. If you chose to dispose of the item, only the original shipping costs will be refunded.<\/p>\n<p><\/p>\n<p>If you cancel within 7 days of the ship-out date, your order cannot be cancelled or refunded.<\/p>"}},"1569225795890":{"type":"FAQ","settings":{"Question":"Q. \tWhat can I ship?","Answer":"<p><br>PostDelay is designed for items that are non-living, non-perishable, not dangerous, and not sensitive to temperature. Examples of items that should not be shipped are human or animal tissues, food, plants, chemicals, liquids, explosives, weapons, compressed gas, aerosols &ndash; a rule of thumb is that if you can&rsquo;t bring it into the cabin of an airplane or pass through security at the airport, you can&rsquo;t send it via PostDelay. If in doubt, <a href=\"\/pages\/contact-us\" title=\"Contact Us\">contact us<\/a> to be sure.<\/p>"}},"1569225850568":{"type":"FAQ","settings":{"Question":"Q. \tWhy do you use USPS? What about Fedex\/UPS\/DHL?","Answer":"<p>USPS provides online tools that allow PostDelay to provide you with instantaneous shipping quotes across various shipping methods to destinations internationally. These same tools are not available from other shippers.<\/p>"}},"1569225877690":{"type":"FAQ","settings":{"Question":"Q. \tWhat are the maximum and minimum holding periods for an item?","Answer":"<p>For an envelope or postcard, the maximum holding period is five years. For a package, the maximum holding period is two years. Holding periods are calculated from the date your order is place to the mail-out date.<\/p>"}},"1569225894862":{"type":"FAQ","settings":{"Question":"Q. \tHow are items stored while waiting to  be sent out?","Answer":"<p>All items are held in our secure facility in Brooklyn, New York. Postards and envelopes are stored&nbsp;in locked, fireproof cabinets, while packages are stored in locked racks.<\/p>"}},"1569225929036":{"type":"FAQ","settings":{"Question":"Q.\tWhat are my options if a mailing is returned to PostDelay as undeliverable?","Answer":"<p>The status of your order will change to 'Delivery Failure. Awaiting response from user'. You will receive an email to login to your account and let us know how to proceed. There are three options.<\/p>\n<p><\/p>\n<p>1. Provide a new address and pay another shipping fee to re-attempt delivery. You can also re-try delivery at the same address.<\/p>\n<p>2. Pay another shipping fee to have the item returned to the sender.<\/p>\n<p>3. Instruct us to dispose of the item.<\/p>\n<p><\/p>\n<p>If we do not receive a response within sixty days, we will close the order and dispose of the item.<\/p>"}},"1569225944570":{"type":"FAQ","settings":{"Question":"Q. \tWhat are my options if the cost of mailing has changed between the order date and the ship-out date?","Answer":"<p>The status of your order will change to 'Delivery Failure. Awaiting response from user'.&nbsp;<\/p>\n<p>A few days before your mailing goes out, PostDelay will verify that the shipping cost for your item has not changed. If there has been a change in cost for postcards, letters, or large large envelopes, PostDelay will continue normally with your mailing. For packages and large packages, PostDelay will contact you for information about how to proceed.&nbsp;There are three options.&nbsp;<\/p>\n<p>1.&nbsp;Pay for the increase we noted in the cost of shipping to your recipient.<\/p>\n<p>2. Pay&nbsp;the difference in cost between the&nbsp;original shipping charge and the cost to have the item returned to you. If the cost of returning the item to the shipper is lower than the amount we originally collected, the difference will not be refunded.<\/p>\n<p>3. Instruct us to dispose of the item.<\/p>\n<p>&nbsp;<\/p>\n<p>If we do not receive a response within sixty days, we will close the order and dispose of the item.<\/p>"}},"1569226023462":{"type":"FAQ","settings":{"Question":"Q. \tWhen might I have to pay an additional charge?","Answer":"<p>Three situations may result in an additional fee.<\/p>\n<p><br> 1. If a shipment has been returned to PostDelay as undeliverable,<br> a) you can re-try the mailing.<br> b) you can have the mailing returned to you.<\/p>\n<p><br> 2. If a shipment has increased in price between order date and ship-out date,<br> a) you can pay the increase in shipping costs.<br> b) you can have the mailing returned to you.<\/p>\n<p><br> 3. If a shipment has been cancelled after it has been received by PostDelay,<br> a) you can have the mailing returned to you.<\/p>"}},"1569226054849":{"type":"FAQ","settings":{"Question":"Q. \tWhy has my shipment status not changed from ‘Order created by User’ to ‘Item sent to PostDelay by User’?","Answer":"<p>The initial status of an order is &lsquo;Order created by user&rsquo;. If you wish to use the website to track the date on which you mail the package to PostDelay, use 'Manage Mailings\" to enter shipment information in the &lsquo;Your shipment to PostDelay&rsquo; section.&nbsp;Entering this date will change the order status to &lsquo;item sent to PostDelay by User&rsquo;. If you don&rsquo;t enter this date, we will change the status to &lsquo;Item received by PostDelay&rsquo;&rsquo; once we receive your shipment.<\/p>\n<p>You may also optionally enter the Tracking ID and shipment method. This lets us know when to expect your shipment so we can update its status in real-time.<\/p>"}},"1588735924440":{"type":"FAQ","settings":{"Question":"Q. Is PostDelay a CMRA (Commercial Mail Receiving Agency)?","Answer":"<p>No. Incoming mail to PostDelay is not addressed to a third party, but is addressed directly to PostDelay. We do not offer virtual mailing addresses. The outgoing mail is sent from PostDelay directly to your recipient. Because we do not send or receive mail on behalf of third parties, we are not a CMRA.<\/p>"}},"1588736029000":{"type":"FAQ","settings":{"Question":"Q. While PostDelay holds letters and packages, do you charge storage fees?","Answer":"<p>No storage fees are charged, regardless of hold time, dimensions, or weight.<\/p>"}},"1588736048529":{"type":"FAQ","settings":{"Question":"Q. Which incoming items will PostDelay open?","Answer":"<p>PostDelay opens letters and packages addressed to PostDelay. Any incoming items not addressed to PostDelay will be refused delivery. Letters or packages ready to be mailed out to your recipient will not be opened.<\/p>"}},"1588736069026":{"type":"FAQ","settings":{"Question":"Q. How do I prepare an item to send to PostDelay?","Answer":"<p>Items sent to PostDelay should be ready for us to put in the mail on the future date you've specified. It should not need to be packaged, re-packaged, or addressed. For letters, this means that you have put an addressed envelope inside the envelope you send to PostDelay. For packages, this means that you have put an addressed, sealed box inside the package you send to PostDelay. If there are additional forms needed at the time of shipment, PostDelay will take care of these. However, PostDelay does not provide packing materials and will not re-pack items for shipment.<\/p>"}},"1588736088410":{"type":"FAQ","settings":{"Question":"Q. Will my recipient know that I used PostDelay?","Answer":"<p>This depends on whether the item you have sent to PostDelay is already prepared for onward shipment. If your shipment to PostDelay includes a properly addressed envelope or package that is ready for us to put in the mail (don't forget to include the incoming shipment form), then your recipient will not know that you used PostDelay's service. If your shipment to PostDelay is not prepared for onward shipment and we must use our own envelope or packaging, along with the details of your order, to prepare the shipment, your recipient may recognize that this shipment was not prepared by you.<\/p>"}},"1594020518337":{"type":"FAQ","settings":{"Question":"How do I decide on my ship-out date?","Answer":"<p>Select your desired delivery date, and subtract the number of days the shipment will take.<\/p>"}},"1588736108165":{"type":"FAQ","settings":{"Question":"Q. How does PostDelay differ from a mail forwarder?","Answer":"<p>A mail forwarder generally receives incoming mail on behalf of someone who is unable to receive it themselves. Users of PostDelay are able to send and receive mail themselves, but want to control when that mail will be received, regardless of who the recipient is.<\/p>\n<p><\/p>\n<p>PostDelay lets you send a letter or package now, but control on what future date it's delivered. PostDelay also lets you shop online now, but gives you control pver who receives those items and when those items will be delivered.<\/p>"}},"1588736247161":{"type":"FAQ","settings":{"Question":"Q. How can I use PostDelay in conjunction with online shopping?","Answer":"<p>You may want to buy something online and have it shipped directly to PostDelay for us to mail out at a future date. Normally, PostDelay requires that incoming letters and packaged be accompanied by an incoming shipment form, so that PostDelay can associated these incoming items with an order and the recipient's address. When shopping online, there is no opportunity to include this form. In this case, we must ensure the online retailer passes the order number to PostDelay. To accomplish this:<\/p>\n<p>1. Create the PostDelay order, and note the order ID.<\/p>\n<p>2. On the website of the online retailer, enter PostDelay's information as the shipment address. In the second address line, enter your order ID. The shipment address will look like this:<\/p>\n<p><\/p>\n<p>Name: PostDelay LLC<br>Address 1: Box #3492, Church Street Station<br><strong>Address 2: Order ID # XXXX<\/strong><br>City: New York<br>State: New York<br>ZIP: 10008<\/p>\n<p>PostDelay will use the order ID in the second address field to associate the incoming shipment with your order details.<\/p>"}},"1588736510854":{"type":"FAQ","settings":{"Question":"Q. Can you consolidate multiple orders that reach the same recipient on the same date?","Answer":"<p>Yes. Send us an email to arrange for this service. Consolidation does not always result in a lower shipping cost, depending on the dimensions of the consolidated shipment. If consolidation results in an shipping costs lower than the individual orders, PostDelay will refund you the difference.<\/p>"}},"1588736528921":{"type":"FAQ","settings":{"Question":"Q. Do you offer a concierge service or a personal shopper service?","Answer":"<p>No. Items to be sent out by PostDelay are received by us from the sender; we do not obtain these items directly from a store or any other seller.<\/p>"}}},"block_order":["1568725664119","1568725805718","1568726175908","1569225757793","1569225795890","1569225850568","1569225877690","1569225894862","1569225929036","1569225944570","1569226023462","1569226054849","1588735924440","1588736029000","1588736048529","1588736069026","1588736088410","1594020518337","1588736108165","1588736247161","1588736510854","1588736528921"],"settings":{}},"How-It-Work-Tamplet":{"type":"How-It-Work-Tamplet","blocks":{"1568879767541":{"type":"image-with-text","settings":{"image":"","layout":"left","title":"","text":"<p>Never forget to send a package again. Seng the package now,fordelivery in the future.<\/p>","button_label":"","button_link":""}},"1568879782557":{"type":"title","settings":{"How-it-work-title":"How it Works"}},"1568879908014":{"type":"image-with-text","settings":{"image":"","layout":"right","title":"","text":"<p>Fill out the form,print out the slip,mail us your package.<\/p>","button_label":"","button_link":""}},"1568879942380":{"type":"image-with-text","settings":{"image":"","layout":"left","title":"","text":"<p>We hold your package Until the future delivery date.<\/p>","button_label":"","button_link":""}},"1568879979739":{"type":"image-with-text","settings":{"image":"","layout":"right","title":"","text":"<p>your package is sent, and arrives on time!<\/p>","button_label":"","button_link":""}},"1568880021823":{"type":"Button","settings":{"How-it-work-button":"GET STARTED NOW","How-it-work-button-url":""}},"1568880797824":{"type":"Small-Text","settings":{"How-it-work-small-text":"Need More Info?   -   FAQ","How-it-work-small-text-url":"shopify:\/\/pages\/faq"}}},"block_order":["1568879767541","1568879782557","1568879908014","1568879942380","1568879979739","1568880021823","1568880797824"],"settings":{}},"1568732175804":{"type":"feature-columns","blocks":{"1568732175804-0":{"type":"text_block","settings":{"enable_image":true,"image":"shopify:\/\/shop_images\/Clip2.PNG","title":"You control when your letters and packages are delivered!","text":"<p>Most mail tries to be delivered ASAP. <br>PostDelay&nbsp;lets you control the future mailing date.<br>Control future delivery date and future shipment date.<br>You can delay delivery as long as you want, and&nbsp;<br>delayed mail ensures you never forget important dates!<\/p>","button_label":"","button_link":""}},"1568732175804-1":{"type":"text_block","settings":{"enable_image":true,"image":"shopify:\/\/shop_images\/package_6859e685-8d46-4b85-aa31-428d52e112de.PNG","title":"We hold your mailing for as long as it takes...","text":"<p>Your mailing is held in our secure warehouse until it comes time to mail it out again. While you wait, use \"Manage Mailings\" to check the status of your mailing, modify its details, or cancel any time. You'll receive live email updates and tracking numbers as they become available.<\/p>","button_label":"","button_link":""}},"1568732175804-2":{"type":"text_block","settings":{"enable_image":true,"image":"shopify:\/\/shop_images\/Package_arive.PNG","title":"Then we ship your item out again on your special day!","text":"<p>Your recipient will never know you used PostDelay!<br>You'll never miss a special date again. <br>Free your storage and shop online when its convenient. <br>Send mail when you remember to do it, <br>and PostDelay&nbsp;ensures it arrives when its supposed to.&nbsp;<\/p>","button_label":"","button_link":""}}},"block_order":["1568732175804-0","1568732175804-1","1568732175804-2"],"settings":{"title":"How It Works","align_text":"center"}},"1568905818132":{"type":"home-page-section","settings":{"image":"shopify:\/\/shop_images\/icon_blue.png","layout":"right","title":"","text":"<p>Mail it today,<\/p>\n<p>Deliver it later!<\/p>","button_label":"Get Started","button_link":"shopify:\/\/pages\/create-account"}}},"content_for_index":["1568905818132","1568732175804"]},"presets":{"Default":{"color_text":"#3d4246","color_body_text":"#69727b","color_sale_text":"#557B97","color_borders":"#e8e9eb","color_button":"#557B97","color_button_text":"#fff","color_small_button_text_border":"#3d4246","color_text_field":"#fff","color_text_field_text":"#000","color_text_field_border":"#949494","color_image_overlay_text":"#fff","color_image_overlay":"#3d4246","image_overlay_opacity":40,"color_body_bg":"#fff","type_header_font":"work_sans_n6","type_header_base_size":26,"type_base_font":"work_sans_n4","type_base_size":16,"type_bold_product_titles":false,"share_facebook":true,"share_twitter":true,"share_pinterest":true,"sections":{"header":{"type":"header","settings":{}},"hero":{"type":"hero","settings":{"text_size":"large"}},"slideshow":{"type":"slideshow","blocks":{"slideshow-0":{"type":"image","settings":{}},"slideshow-1":{"type":"image","settings":{}}},"block_order":["slideshow-0","slideshow-1"],"settings":{}},"featured-collections":{"type":"collection","settings":{"collection":"frontpage"}},"feature-row":{"type":"feature-row","settings":{}},"footer":{"type":"footer","blocks":{"link_list":{"type":"link_list","settings":{}},"text":{"type":"text","settings":{}},"newsletter":{"type":"newsletter","settings":{}}},"block_order":["link_list","text","newsletter"],"settings":{}}},"content_for_index":["hero","featured-collections","feature-row","slideshow"]},"Light":{"color_text":"#162950","color_body_text":"#6d6d6d","color_sale_text":"#DA2F0C","color_borders":"#e4e4e4","color_button":"#DA2F0C","color_button_text":"#ffffff","color_small_button_text_border":"#162950","color_text_field":"#ffffff","color_text_field_text":"#162950","color_text_field_border":"#909090","color_image_overlay_text":"#ffffff","color_image_overlay":"#3d3d3d","image_overlay_opacity":40,"color_body_bg":"#f8f8f8","type_header_font":"muli_n6","type_header_base_size":26,"type_base_font":"muli_n4","type_base_size":18,"type_bold_product_titles":true,"share_facebook":true,"share_twitter":true,"share_pinterest":true,"social_twitter_link":"","social_facebook_link":"","social_pinterest_link":"","social_instagram_link":"","social_tumblr_link":"","social_snapchat_link":"","social_youtube_link":"","social_vimeo_link":"","favicon":"","checkout_header_image":"","checkout_logo_image":"","checkout_logo_position":"left","checkout_logo_size":"small","checkout_body_background_image":"","checkout_body_background_color":"#ffffff","checkout_input_background_color_mode":"white","checkout_sidebar_background_image":"","checkout_sidebar_background_color":"#e8f3f6","checkout_heading_font":"Roboto","checkout_body_font":"Source Sans Pro","checkout_accent_color":"#1990c6","checkout_button_color":"#23314e","checkout_error_color":"#ff6d6d","sections":{"header":{"type":"header","settings":{"align_logo":"left","logo":"","logo_max_width":135,"main_linklist":"main-menu","message":true,"color_bg":"#162950","color_text":"#ffffff"}},"hero":{"type":"hero","settings":{"alignment":"center","hero_size":"x-large","text_size":"large"}},"slideshow":{"type":"slideshow","blocks":{"slideshow-0":{"type":"image","settings":{"image":"","alignment":"center center"}},"1492095993817":{"type":"image","settings":{"image":"","alignment":"center"}}},"block_order":["slideshow-0","1492095993817"],"settings":{"slideshow_height":"medium","text_size":"medium","autorotate":false,"autorotate_speed":5}},"featured-collections":{"type":"collection","settings":{"grid":3,"rows":1,"show_vendor":true,"show_view_all":true}},"product-template":{"type":"product-template","settings":{"image_size":"medium","show_quantity_selector":false,"show_variant_labels":true,"show_vendor":false,"enable_zoom":true,"show_share_buttons":true}},"collection-template":{"type":"collection-template","settings":{"layout":"grid","grid":2,"rows":2,"show_collection_image":true,"show_vendor":false,"sort_enable":true,"tags_enable":true}},"1492033809691":{"type":"map","settings":{}},"1492033877875":{"type":"quotes","blocks":{"1492033877875-0":{"type":"quote","settings":{}}},"block_order":["1492033877875-0"],"settings":{}},"1492033924902":{"type":"custom-content","blocks":{"1492033924902-0":{"type":"text","settings":{"width":"100%","alignment":"center","align_text":"center"}}},"block_order":["1492033924902-0"],"settings":{"title":""}},"1492096252560":{"type":"collection-list","blocks":{"1492096252560-0":{"type":"featured_collection","settings":{}},"1492096252560-1":{"type":"featured_collection","settings":{}},"1492096252560-2":{"type":"featured_collection","settings":{}}},"block_order":["1492096252560-0","1492096252560-1","1492096252560-2"],"settings":{"grid":3}},"blog-template":{"type":"blog-template","settings":{"layout":"grid","blog_show_author":true,"blog_show_date":false}},"article-template":{"type":"article-template","settings":{"blog_show_author":true,"blog_show_date":true,"show_share_buttons":true}},"cart-template":{"type":"cart-template","settings":{"cart_notes_enable":false}},"footer":{"type":"footer","blocks":{"link_list":{"type":"link_list","settings":{}},"text":{"type":"text","settings":{}},"newsletter":{"type":"newsletter","settings":{}}},"block_order":["link_list","text","newsletter"],"settings":{}}},"content_for_index":["hero","featured-collections","slideshow","1492033924902","1492096252560","1492033877875","1492033809691"]}}}